{"accuracy": [0.03788122162222862, 0.060995183885097504, 0.07447832822799683, 0.11460673809051514, 0.13451042771339417, 0.15826645493507385, 0.21091492474079132, 0.23531299829483032, 0.2584269642829895, 0.2908507287502289, 0.32199037075042725, 0.351845920085907, 0.3839486241340637, 0.4118780195713043, 0.4600321054458618, 0.4731942117214203, 0.5184590816497803, 0.5271267890930176, 0.5608346462249756, 0.5817014575004578, 0.6105939149856567, 0.6243980526924133, 0.6571428775787354, 0.6600320935249329, 0.7011235952377319, 0.674799382686615, 0.6988763809204102, 0.7463884353637695, 0.7502407431602478, 0.7357945442199707, 0.7762439846992493, 0.7833065986633301], "loss": [4.074140548706055, 3.373494863510132, 3.228461980819702, 3.0860509872436523, 2.928270101547241, 2.825211524963379, 2.611570119857788, 2.5058517456054688, 2.4581942558288574, 2.3337583541870117, 2.227417469024658, 2.0843636989593506, 2.018237590789795, 1.9282281398773193, 1.7894506454467773, 1.7360039949417114, 1.594934105873108, 1.5311106443405151, 1.4349879026412964, 1.3274437189102173, 1.2363449335098267, 1.2028690576553345, 1.1139180660247803, 1.1204407215118408, 0.9989299178123474, 1.0397155284881592, 0.9516251087188721, 0.8016970157623291, 0.8271819949150085, 0.8558589816093445, 0.720578134059906, 0.682689368724823], "val_accuracy": [0.054131053388118744, 0.07407407462596893, 0.1339031308889389, 0.18803419172763824, 0.2649572789669037, 0.3276353180408478, 0.34472933411598206, 0.3304843306541443, 0.45014244318008423, 0.49572649598121643, 0.5384615659713745, 0.5299145579338074, 0.6410256624221802, 0.680911660194397, 0.7008547186851501, 0.7236467003822327, 0.7806267738342285, 0.7948718070983887, 0.8461538553237915, 0.8433048725128174, 0.8262107968330383, 0.8945869207382202, 0.811965823173523, 0.9088318943977356, 0.8888888955116272, 0.8860399127006531, 0.8831908702850342, 0.9059829115867615, 0.8888888955116272, 0.9145299196243286, 0.9259259104728699, 0.9202279448509216], "val_loss": [3.437678813934326, 3.190417766571045, 2.9169270992279053, 2.75527024269104, 2.570413112640381, 2.2519047260284424, 2.052503824234009, 2.249502420425415, 1.8257505893707275, 1.8118016719818115, 1.5796592235565186, 1.6231595277786255, 1.3574731349945068, 1.1908808946609497, 1.0852065086364746, 0.9729166626930237, 0.9374228715896606, 0.7553132772445679, 0.76120924949646, 0.6841171383857727, 0.6921994686126709, 0.5094542503356934, 0.6739429831504822, 0.5006799101829529, 0.47138330340385437, 0.5816691517829895, 0.5075016617774963, 0.42580777406692505, 0.4823701083660126, 0.3862641453742981, 0.3666398823261261, 0.40226444602012634]}